num_exp,id_tratamiento,run_id,dataset,num_predictors,num_rows,noisy_variables,noise_added,model_latex,model_sympy,simplified_model_latex,simplified_model_sympy,error,type_error,error_message,resultado
0,0,0,feynman_I_25_13,2,1000,FALSE,FALSE,\frac{q}{C},q/C,\frac{q}{C},q/C,FALSE,,,2
1,0,1,feynman_I_25_13,2,1000,FALSE,FALSE,\frac{q}{C},q/C,\frac{q}{C},q/C,FALSE,,,2
2,0,2,feynman_I_25_13,2,1000,FALSE,FALSE,\frac{q}{C},q/C,\frac{q}{C},q/C,FALSE,,,2
3,1,0,feynman_I_25_13,2,1000,FALSE,TRUE,\frac{q}{C},q/C,\frac{q}{C},q/C,FALSE,,,2
4,1,1,feynman_I_25_13,2,1000,FALSE,TRUE,\frac{q}{C},q/C,\frac{q}{C},q/C,FALSE,,,2
5,1,2,feynman_I_25_13,2,1000,FALSE,TRUE,\frac{q}{C},q/C,\frac{q}{C},q/C,FALSE,,,2
6,2,0,feynman_I_25_13,2,1000,TRUE,FALSE,\frac{q}{C},q/C,\frac{q}{C},q/C,FALSE,,,2
7,2,1,feynman_I_25_13,2,1000,TRUE,FALSE,\frac{q}{C},q/C,\frac{q}{C},q/C,FALSE,,,2
8,2,2,feynman_I_25_13,2,1000,TRUE,FALSE,\frac{q}{C},q/C,\frac{q}{C},q/C,FALSE,,,2
9,3,0,feynman_I_25_13,2,1000,TRUE,TRUE,\frac{q}{C},q/C,\frac{q}{C},q/C,FALSE,,,2
10,3,1,feynman_I_25_13,2,1000,TRUE,TRUE,\frac{q}{C},q/C,\frac{q}{C},q/C,FALSE,,,2
11,3,2,feynman_I_25_13,2,1000,TRUE,TRUE,\frac{q}{C},q/C,\frac{q}{C},q/C,FALSE,,,2
12,4,0,feynman_I_25_13,2,100,FALSE,FALSE,\frac{q}{C},q/C,,,FALSE,,,2
13,4,1,feynman_I_25_13,2,100,FALSE,FALSE,\frac{q}{C - \frac{7.22632907981463 \cdot 10^{-18}}{1.1244850612128943 - C}},q/(C - 7.22632907981463e-18/(1.1244850612128943 - C)),,,FALSE,,,0
14,4,2,feynman_I_25_13,2,100,FALSE,FALSE,\frac{q}{C - - \frac{6.862807590539953 \cdot 10^{-18}}{C - 1.1241129607458786}},q/(C - (-1)*6.862807590539953e-18/(C - 1.1241129607458786)),,,FALSE,,,0
15,5,0,feynman_I_25_13,2,100,FALSE,TRUE,\frac{q}{C},q/C,,,FALSE,,,2
16,5,1,feynman_I_25_13,2,100,FALSE,TRUE,\frac{q}{C},q/C,,,FALSE,,,2
17,5,2,feynman_I_25_13,2,100,FALSE,TRUE,\frac{q}{C},q/C,,,FALSE,,,2
18,6,0,feynman_I_25_13,2,100,TRUE,FALSE,\frac{q}{C + \frac{8.811028031953387 \cdot 10^{-17}}{\begin{cases} \sqrt{noi_{1}} & \text{for}\: noi_{1} > 0 \\-1000000000.0 & \text{otherwise} \end{cases}}},"q/(C + 8.811028031953387e-17/Piecewise((sqrt(noi1), noi1 > 0), (-1000000000.0, True)))",,,FALSE,,,0
19,6,1,feynman_I_25_13,2,100,TRUE,FALSE,\frac{q}{C + \sin{\left(\frac{noi_{2}}{-1.3279025644857974 \cdot 10^{-14}} \right)} 1.5027750702957607 \cdot 10^{-16} - - \frac{1.3326544936539843 \cdot 10^{-17}}{\cos{\left(C \right)} - -0.4970410845498251} - - \frac{3.572487133399149 \cdot 10^{-17}}{2.5179504983925676 - C}},q/(C + sin(noi2/(-1.3279025644857974e-14))*1.5027750702957607e-16 - (-1)*1.3326544936539843e-17/(cos(C) - 1*(-0.4970410845498251)) - (-1)*3.572487133399149e-17/(2.5179504983925676 - C)),,,FALSE,,,0
20,6,2,feynman_I_25_13,2,100,TRUE,FALSE,\frac{q}{C - \frac{7.086359864347521 \cdot 10^{-18}}{\sin{\left(C + 2.0206474308802997 \right)}}} - \frac{7.086359864347521 \cdot 10^{-18}}{noi_{2} \left(C + noi_{1} \cdot 0.5871256580833163 + noi_{3}\right)},q/(C - 7.086359864347521e-18/sin(C + 2.0206474308802997)) - 7.086359864347521e-18/(noi2*(C + noi1*0.5871256580833163 + noi3)),,,FALSE,,,0
21,7,0,feynman_I_25_13,2,100,TRUE,TRUE,\frac{q}{C},q/C,,,FALSE,,,2
22,7,1,feynman_I_25_13,2,100,TRUE,TRUE,\frac{q}{C},q/C,,,FALSE,,,2
23,7,2,feynman_I_25_13,2,100,TRUE,TRUE,\frac{q}{C},q/C,,,FALSE,,,2
24,0,0,feynman_I_29_4,2,1000,FALSE,FALSE,\frac{\omega}{c},omega/c,,,FALSE,,,2
25,0,1,feynman_I_29_4,2,1000,FALSE,FALSE,\frac{\omega}{c},omega/c,,,FALSE,,,2
26,0,2,feynman_I_29_4,2,1000,FALSE,FALSE,\frac{\omega}{c},omega/c,,,FALSE,,,2
27,1,0,feynman_I_29_4,2,1000,FALSE,TRUE,\frac{\omega}{c},omega/c,,,FALSE,,,2
28,1,1,feynman_I_29_4,2,1000,FALSE,TRUE,\frac{\omega}{c},omega/c,,,FALSE,,,2
29,1,2,feynman_I_29_4,2,1000,FALSE,TRUE,\frac{\omega}{c},omega/c,,,FALSE,,,2
30,2,0,feynman_I_29_4,2,1000,TRUE,FALSE,\frac{\omega}{c},omega/c,,,FALSE,,,2
31,2,1,feynman_I_29_4,2,1000,TRUE,FALSE,\frac{\omega}{c},omega/c,,,FALSE,,,2
32,2,2,feynman_I_29_4,2,1000,TRUE,FALSE,\frac{\omega}{c},omega/c,,,FALSE,,,2
33,3,0,feynman_I_29_4,2,1000,TRUE,TRUE,\frac{\omega}{c},omega/c,,,FALSE,,,2
34,3,1,feynman_I_29_4,2,1000,TRUE,TRUE,\frac{\omega}{c},omega/c,,,FALSE,,,2
35,3,2,feynman_I_29_4,2,1000,TRUE,TRUE,\frac{\omega}{c},omega/c,,,FALSE,,,2
36,4,0,feynman_I_29_4,2,100,FALSE,FALSE,-0.04960519986815307 - -0.04960519986815304 + \frac{\omega}{c},-0.04960519986815307 - 1*(-0.04960519986815304) + omega/c,,,FALSE,,,2
37,4,1,feynman_I_29_4,2,100,FALSE,FALSE,-4.163336342344337 \cdot 10^{-17} + \frac{\omega}{c},-4.163336342344337e-17 + omega/c,,,FALSE,,,2
38,4,2,feynman_I_29_4,2,100,FALSE,FALSE,-3.469446951953614 \cdot 10^{-17} + \frac{\omega}{c},-3.469446951953614e-17 + omega/c,,,FALSE,,,2
39,5,0,feynman_I_29_4,2,100,FALSE,TRUE,\frac{\omega}{c},omega/c,,,FALSE,,,2
40,5,1,feynman_I_29_4,2,100,FALSE,TRUE,\frac{\omega}{c},omega/c,,,FALSE,,,2
41,5,2,feynman_I_29_4,2,100,FALSE,TRUE,\frac{\omega}{c},omega/c,,,FALSE,,,2
42,6,0,feynman_I_29_4,2,100,TRUE,FALSE,\frac{\omega}{c},omega/c,,,FALSE,,,2
43,6,1,feynman_I_29_4,2,100,TRUE,FALSE,\frac{\omega}{c},omega/c,,,FALSE,,,2
44,6,2,feynman_I_29_4,2,100,TRUE,FALSE,\frac{\omega}{c + \left(noi_{1} + noi_{1} - \left(noi_{2} - 0.9345139105350502\right)\right) 1.5451816324899893 \cdot 10^{-16}},omega/(c + (noi1 + noi1 - (noi2 - 1*0.9345139105350502))*1.5451816324899893e-16),,,FALSE,,,0
45,7,0,feynman_I_29_4,2,100,TRUE,TRUE,- 0.04954652567064333 \cos{\left(- \frac{5392.52167689514}{\omega} \right)} + \frac{\omega}{c},-0.04954652567064333*cos(-5392.52167689514/omega) + omega/c,,,FALSE,,,0
46,7,1,feynman_I_29_4,2,100,TRUE,TRUE,\frac{\omega}{c},omega/c,,,FALSE,,,2
47,7,2,feynman_I_29_4,2,100,TRUE,TRUE,\cos{\left(\frac{noi_{1}^{6}}{0.00013355701012752091} \right)} \left(-0.06720957176175439\right) + \frac{\omega}{c},cos(noi1**6/0.00013355701012752091)*(-0.06720957176175439) + omega/c,,,FALSE,,,1
48,0,0,feynman_III_12_43,2,1000,FALSE,FALSE,n h 0.15915494309189535,n*h*0.15915494309189535,,,FALSE,,,2
49,0,1,feynman_III_12_43,2,1000,FALSE,FALSE,h 0.15915494309189535 n,h*0.15915494309189535*n,,,FALSE,,,2
50,0,2,feynman_III_12_43,2,1000,FALSE,FALSE,n h 0.15915494309189535,n*h*0.15915494309189535,,,FALSE,,,2
51,1,0,feynman_III_12_43,2,1000,FALSE,TRUE,h n 0.15921111167598498,h*n*0.15921111167598498,,,FALSE,,,2
52,1,1,feynman_III_12_43,2,1000,FALSE,TRUE,n h 0.1597549281985042,n*h*0.1597549281985042,,,FALSE,,,2
53,1,2,feynman_III_12_43,2,1000,FALSE,TRUE,\frac{h n}{6.281446700660218},h*n/6.281446700660218,,,FALSE,,,2
54,2,0,feynman_III_12_43,2,1000,TRUE,FALSE,n h 0.15915494309189535,n*h*0.15915494309189535,,,FALSE,,,2
55,2,1,feynman_III_12_43,2,1000,TRUE,FALSE,n h 0.15915494309189535,n*h*0.15915494309189535,,,FALSE,,,2
56,2,2,feynman_III_12_43,2,1000,TRUE,FALSE,h 0.15915494309189535 n,h*0.15915494309189535*n,,,FALSE,,,2
57,3,0,feynman_III_12_43,2,1000,TRUE,TRUE,n h 0.15964095258317904,n*h*0.15964095258317904,,,FALSE,,,2
58,3,1,feynman_III_12_43,2,1000,TRUE,TRUE,\frac{h n}{6.2613129378719234},h*n/6.2613129378719234,,,FALSE,,,2
59,3,2,feynman_III_12_43,2,1000,TRUE,TRUE,h n 0.15929627515767433,h*n*0.15929627515767433,,,FALSE,,,2
60,4,0,feynman_III_12_43,2,100,FALSE,FALSE,n h 0.15915494309189535,n*h*0.15915494309189535,,,FALSE,,,2
61,4,1,feynman_III_12_43,2,100,FALSE,FALSE,n h 0.15915494309189535,n*h*0.15915494309189535,,,FALSE,,,2
62,4,2,feynman_III_12_43,2,100,FALSE,FALSE,n h 0.15915494309189535,n*h*0.15915494309189535,,,FALSE,,,2
63,5,0,feynman_III_12_43,2,100,FALSE,TRUE,n h 0.15880409858758945,n*h*0.15880409858758945,,,FALSE,,,2
64,5,1,feynman_III_12_43,2,100,FALSE,TRUE,n h 0.1581077398114468,n*h*0.1581077398114468,,,FALSE,,,2
65,5,2,feynman_III_12_43,2,100,FALSE,TRUE,n h 0.15848372952521084,n*h*0.15848372952521084,,,FALSE,,,2
66,6,0,feynman_III_12_43,2,100,TRUE,FALSE,n \left(h 0.15915494309189535 + \frac{\left(h + \cos^{3}{\left(noi_{2} \right)} - - \frac{0.040311002642964736}{noi_{3}}\right)^{3}}{-1.7952988943326559 \cdot 10^{18}}\right),n*(h*0.15915494309189535 + (h + cos(noi2)**3 - (-1)*0.040311002642964736/noi3)**3/(-1.7952988943326559e+18)),,,FALSE,,,0
67,6,1,feynman_III_12_43,2,100,TRUE,FALSE,n h 0.15915494309189535,n*h*0.15915494309189535,,,FALSE,,,2
68,6,2,feynman_III_12_43,2,100,TRUE,FALSE,\frac{h n}{6.283185307179586},h*n/6.283185307179586,,,FALSE,,,2
69,7,0,feynman_III_12_43,2,100,TRUE,TRUE,n h 0.15842278980599564,n*h*0.15842278980599564,,,FALSE,,,2
70,7,1,feynman_III_12_43,2,100,TRUE,TRUE,\left(n \left(h - 0.2137460947233681\right) + \frac{- \cos{\left(h \left(-8.75800784791842\right) \right)} + \cos{\left(- noi_{1} + noi_{3} \right)}}{n}\right) 0.16792703569538242,(n*(h - 1*0.2137460947233681) + (-cos(h*(-8.75800784791842)) + cos(-noi1 + noi3))/n)*0.16792703569538242,,,FALSE,,,1
71,7,2,feynman_III_12_43,2,100,TRUE,TRUE,n h 0.1606387206613955,n*h*0.1606387206613955,,,FALSE,,,2
72,0,0,feynman_I_39_1,2,1000,FALSE,FALSE,pr 1.5 V,pr*1.5*V,,,FALSE,,,2
73,0,1,feynman_I_39_1,2,1000,FALSE,FALSE,V pr 1.5,V*pr*1.5,,,FALSE,,,2
74,0,2,feynman_I_39_1,2,1000,FALSE,FALSE,pr 1.5 V,pr*1.5*V,,,FALSE,,,2
75,1,0,feynman_I_39_1,2,1000,FALSE,TRUE,pr 1.498072580147221 V,pr*1.498072580147221*V,,,FALSE,,,2
76,1,1,feynman_I_39_1,2,1000,FALSE,TRUE,pr V 1.5038491063869175,pr*V*1.5038491063869175,,,FALSE,,,2
77,1,2,feynman_I_39_1,2,1000,FALSE,TRUE,pr 1.4980932989196925 V,pr*1.4980932989196925*V,,,FALSE,,,2
78,2,0,feynman_I_39_1,2,1000,TRUE,FALSE,pr 1.5 V,pr*1.5*V,,,FALSE,,,2
79,2,1,feynman_I_39_1,2,1000,TRUE,FALSE,V pr 1.5,V*pr*1.5,,,FALSE,,,2
80,2,2,feynman_I_39_1,2,1000,TRUE,FALSE,V pr 1.5,V*pr*1.5,,,FALSE,,,2
81,3,0,feynman_I_39_1,2,1000,TRUE,TRUE,\frac{V pr}{0.6651542006007688},V*pr/0.6651542006007688,,,FALSE,,,2
82,3,1,feynman_I_39_1,2,1000,TRUE,TRUE,\frac{V pr}{0.6654649576168773},V*pr/0.6654649576168773,,,FALSE,,,2
83,3,2,feynman_I_39_1,2,1000,TRUE,TRUE,pr V 1.4924996459961668,pr*V*1.4924996459961668,,,FALSE,,,2
84,4,0,feynman_I_39_1,2,100,FALSE,FALSE,pr 1.5 V,pr*1.5*V,,,FALSE,,,2
85,4,1,feynman_I_39_1,2,100,FALSE,FALSE,V pr 1.5,V*pr*1.5,,,FALSE,,,2
86,4,2,feynman_I_39_1,2,100,FALSE,FALSE,pr 1.5 V,pr*1.5*V,,,FALSE,,,2
87,5,0,feynman_I_39_1,2,100,FALSE,TRUE,pr V 1.4880874523727181,pr*V*1.4880874523727181,,,FALSE,,,2
88,5,1,feynman_I_39_1,2,100,FALSE,TRUE,\left(V pr + \frac{\sin{\left(\left(V - 0.3963773868529868\right)^{6} \right)}}{pr}\right) 1.4952799187743293,(V*pr + sin((V - 1*0.3963773868529868)**6)/pr)*1.4952799187743293,,,FALSE,,,0
89,5,2,feynman_I_39_1,2,100,FALSE,TRUE,pr V 1.4975855892397145,pr*V*1.4975855892397145,,,FALSE,,,2
90,6,0,feynman_I_39_1,2,100,TRUE,FALSE,V pr 1.5,V*pr*1.5,,,FALSE,,,2
91,6,1,feynman_I_39_1,2,100,TRUE,FALSE,pr V 1.4999999999999998,pr*V*1.4999999999999998,,,FALSE,,,2
92,6,2,feynman_I_39_1,2,100,TRUE,FALSE,V pr 1.5,V*pr*1.5,,,FALSE,,,2
93,7,0,feynman_I_39_1,2,100,TRUE,TRUE,\frac{V pr}{0.6768637235882073 - \cos{\left(- 5.3793704157469426 noi_{1}^{9} \right)} 0.025362346422752154},V*pr/(0.6768637235882073 - 0.025362346422752154*cos(-5.3793704157469426*noi1**9)),,,FALSE,,,0
94,7,1,feynman_I_39_1,2,100,TRUE,TRUE,V pr 1.5177985063325314,V*pr*1.5177985063325314,,,FALSE,,,2
95,7,2,feynman_I_39_1,2,100,TRUE,TRUE,pr V 1.5003009298673369,pr*V*1.5003009298673369,,,FALSE,,,2
96,0,0,feynman_II_4_23,3,1000,FALSE,FALSE,q 0.07957747154594762 \frac{1}{r} \frac{1}{\epsilon},q*0.07957747154594762/(r*epsilon),,,FALSE,,,2
97,0,1,feynman_II_4_23,3,1000,FALSE,FALSE,q \frac{1}{\epsilon r} 0.07957747154594762,q*0.07957747154594762/(epsilon*r),,,FALSE,,,2
98,0,2,feynman_II_4_23,3,1000,FALSE,FALSE,q \frac{1}{\epsilon r} 0.0795774715459476,q*0.0795774715459476/(epsilon*r),,,FALSE,,,2
99,1,0,feynman_II_4_23,3,1000,FALSE,TRUE,q \frac{1}{\epsilon} 0.07947510535736282 \frac{1}{r},q*0.07947510535736282/(epsilon*r),,,FALSE,,,2
100,1,1,feynman_II_4_23,3,1000,FALSE,TRUE,q 0.07932020265512278 \frac{1}{r} \frac{1}{\epsilon},q*0.07932020265512278/(r*epsilon),,,FALSE,,,2
101,1,2,feynman_II_4_23,3,1000,FALSE,TRUE,q 0.0794557155363936 \frac{1}{r} \frac{1}{\epsilon},q*0.0794557155363936/(r*epsilon),,,FALSE,,,2
102,2,0,feynman_II_4_23,3,1000,TRUE,FALSE,q \frac{1}{\epsilon} 0.0795774715459476 \frac{1}{r},q*0.0795774715459476/(epsilon*r),,,FALSE,,,2
103,2,1,feynman_II_4_23,3,1000,TRUE,FALSE,q \frac{1}{\epsilon} 0.07957747154594762 \frac{1}{r},q*0.07957747154594762/(epsilon*r),,,FALSE,,,2
104,2,2,feynman_II_4_23,3,1000,TRUE,FALSE,q \frac{1}{\epsilon r} 0.0795774715459476,q*0.0795774715459476/(epsilon*r),,,FALSE,,,2
105,3,0,feynman_II_4_23,3,1000,TRUE,TRUE,\frac{0.07958049749858734}{\epsilon \frac{1}{q} r},0.07958049749858734/((epsilon*r/q)),,,FALSE,,,2
106,3,1,feynman_II_4_23,3,1000,TRUE,TRUE,q \frac{1}{\epsilon} 0.07968317672481585 \frac{1}{r},q*0.07968317672481585/(epsilon*r),,,FALSE,,,2
107,3,2,feynman_II_4_23,3,1000,TRUE,TRUE,q 0.07998449728071567 \frac{1}{\epsilon} \frac{1}{r},q*0.07998449728071567/(epsilon*r),,,FALSE,,,2
108,4,0,feynman_II_4_23,3,100,FALSE,FALSE,- \frac{0.07957747154594758}{4.996030699851967 \cdot 10^{-16} - \frac{\epsilon r}{q}},-0.07957747154594758/(4.996030699851967e-16 - epsilon*r/q),,,FALSE,,,0
109,4,1,feynman_II_4_23,3,100,FALSE,FALSE,-2.966460394649574 \cdot 10^{-17} + q 0.07957747154594763 \frac{1}{\epsilon} \frac{1}{r},-2.966460394649574e-17 + q*0.07957747154594763/(epsilon*r),,,FALSE,,,2
110,4,2,feynman_II_4_23,3,100,FALSE,FALSE,\left(-1\right) 4.0127349191551285 \cdot 10^{-17} + q \frac{1}{r} 0.07957747154594767 \frac{1}{\epsilon},-1*4.0127349191551285e-17 + q*0.07957747154594767/(r*epsilon),,,FALSE,,,2
111,5,0,feynman_II_4_23,3,100,FALSE,TRUE,q 0.07936063999039121 \frac{1}{\epsilon} \frac{1}{r},q*0.07936063999039121/(epsilon*r),,,FALSE,,,2
112,5,1,feynman_II_4_23,3,100,FALSE,TRUE,\frac{0.08010931777822047}{\epsilon \frac{1}{q} r},0.08010931777822047/((epsilon*r/q)),,,FALSE,,,2
113,5,2,feynman_II_4_23,3,100,FALSE,TRUE,\frac{0.0794622504759666}{r \frac{\epsilon}{q}},0.0794622504759666/(r*((epsilon/q))),,,FALSE,,,2
114,6,0,feynman_II_4_23,3,100,TRUE,FALSE,-5.1433616744728466 \cdot 10^{-17} + \frac{0.07957747154594769}{\epsilon \frac{r}{q}},-5.1433616744728466e-17 + 0.07957747154594769/(epsilon*((r/q))),,,FALSE,,,2
115,6,1,feynman_II_4_23,3,100,TRUE,FALSE,-4.5481903052629584 \cdot 10^{-17} - q \frac{1}{r} \left(-0.07957747154594767\right) \frac{1}{\epsilon},-4.5481903052629584e-17 - (-0.07957747154594767)*q/(epsilon*r),,,FALSE,,,2
116,6,2,feynman_II_4_23,3,100,TRUE,FALSE,-4.137270869879109 \cdot 10^{-17} + \frac{0.07957747154594766}{\epsilon \frac{1}{q} r},-4.137270869879109e-17 + 0.07957747154594766/((epsilon*r/q)),,,FALSE,,,2
117,7,0,feynman_II_4_23,3,100,TRUE,TRUE,q 0.07955287168591056 \frac{1}{\epsilon} \frac{1}{r},q*0.07955287168591056/(epsilon*r),,,FALSE,,,2
118,7,1,feynman_II_4_23,3,100,TRUE,TRUE,q 0.07902053196253139 \frac{1}{\epsilon} \frac{1}{r},q*0.07902053196253139/(epsilon*r),,,FALSE,,,2
119,7,2,feynman_II_4_23,3,100,TRUE,TRUE,\frac{- \frac{\left(-0.07970017854806262\right) q}{r} + \sin{\left(- \frac{128.73361658788585}{noi_{1}} \right)} 0.003788903994919912}{\epsilon},(-(-0.07970017854806262)*q/r + sin(-128.73361658788585/noi1)*0.003788903994919912)/epsilon,,,FALSE,,,0
120,0,0,feynman_II_34_2,3,1000,FALSE,FALSE,r v 0.5 q,r*v*0.5*q,,,FALSE,,,2
121,0,1,feynman_II_34_2,3,1000,FALSE,FALSE,v q 0.5 r,v*q*0.5*r,,,FALSE,,,2
122,0,2,feynman_II_34_2,3,1000,FALSE,FALSE,r q v 0.5,r*q*v*0.5,,,FALSE,,,2
123,1,0,feynman_II_34_2,3,1000,FALSE,TRUE,\frac{q r v}{2.00591015563548},q*r*v/2.00591015563548,,,FALSE,,,2
124,1,1,feynman_II_34_2,3,1000,FALSE,TRUE,r v q 0.5000192252503697,r*v*q*0.5000192252503697,,,FALSE,,,2
125,1,2,feynman_II_34_2,3,1000,FALSE,TRUE,r v q 0.49993137370898044,r*v*q*0.49993137370898044,,,FALSE,,,2
126,2,0,feynman_II_34_2,3,1000,TRUE,FALSE,r q 0.5 v,r*q*0.5*v,,,FALSE,,,2
127,2,1,feynman_II_34_2,3,1000,TRUE,FALSE,q 0.5 v r,q*0.5*v*r,,,FALSE,,,2
128,2,2,feynman_II_34_2,3,1000,TRUE,FALSE,q 0.5 v r,q*0.5*v*r,,,FALSE,,,2
129,3,0,feynman_II_34_2,3,1000,TRUE,TRUE,v 0.5010266642807696 q r,v*0.5010266642807696*q*r,,,FALSE,,,2
130,3,1,feynman_II_34_2,3,1000,TRUE,TRUE,\frac{q r v}{2.001362537789841},q*r*v/2.001362537789841,,,FALSE,,,2
131,3,2,feynman_II_34_2,3,1000,TRUE,TRUE,v r q 0.5000637529543528,v*r*q*0.5000637529543528,,,FALSE,,,2
132,4,0,feynman_II_34_2,3,100,FALSE,FALSE,v q r 0.49999999999999994,v*q*r*0.49999999999999994,,,FALSE,,,2
133,4,1,feynman_II_34_2,3,100,FALSE,FALSE,q v r 0.5,q*v*r*0.5,,,FALSE,,,2
134,4,2,feynman_II_34_2,3,100,FALSE,FALSE,v q r 0.49999999999999994,v*q*r*0.49999999999999994,,,FALSE,,,2
135,5,0,feynman_II_34_2,3,100,FALSE,TRUE,r v q 0.504499479084531,r*v*q*0.504499479084531,,,FALSE,,,2
136,5,1,feynman_II_34_2,3,100,FALSE,TRUE,\frac{q r v}{2.0023353047180126},q*r*v/2.0023353047180126,,,FALSE,,,2
137,5,2,feynman_II_34_2,3,100,FALSE,TRUE,r 0.4982884880946048 v q,r*0.4982884880946048*v*q,,,FALSE,,,2
138,6,0,feynman_II_34_2,3,100,TRUE,FALSE,r v 0.49999999999999994 q,r*v*0.49999999999999994*q,,,FALSE,,,2
139,6,1,feynman_II_34_2,3,100,TRUE,FALSE,r v q 0.49999999999999994,r*v*q*0.49999999999999994,,,FALSE,,,2
140,6,2,feynman_II_34_2,3,100,TRUE,FALSE,r q 0.5 v,r*q*0.5*v,,,FALSE,,,2
141,7,0,feynman_II_34_2,3,100,TRUE,TRUE,q r v 0.4971662207428132,q*r*v*0.4971662207428132,,,FALSE,,,2
142,7,1,feynman_II_34_2,3,100,TRUE,TRUE,\frac{q r v}{1.9823617565176572},q*r*v/1.9823617565176572,,,FALSE,,,2
143,7,2,feynman_II_34_2,3,100,TRUE,TRUE,v r q 0.49886187048939135,v*r*q*0.49886187048939135,,,FALSE,,,2
144,0,0,feynman_III_7_38,3,1000,FALSE,FALSE,\frac{B mom}{\frac{1}{12.566370614359172} h},B*mom/((h/12.566370614359172)),,,FALSE,,,2
145,0,1,feynman_III_7_38,3,1000,FALSE,FALSE,\frac{B mom}{\frac{1}{12.566370614359172} h},B*mom/((h/12.566370614359172)),,,FALSE,,,2
146,0,2,feynman_III_7_38,3,1000,FALSE,FALSE,\frac{12.566370614359172 B mom}{h},12.566370614359172*B*mom/h,,,FALSE,,,2
147,1,0,feynman_III_7_38,3,1000,FALSE,TRUE,mom 12.579102006155049 \frac{1}{\frac{1}{B} h},mom*12.579102006155049/(h/B),,,FALSE,,,2
148,1,1,feynman_III_7_38,3,1000,FALSE,TRUE,B mom 12.598323192242098 \frac{1}{h},B*mom*12.598323192242098/h,,,FALSE,,,2
149,1,2,feynman_III_7_38,3,1000,FALSE,TRUE,\frac{B mom}{0.07965711796012893 h},B*mom/(0.07965711796012893*h),,,FALSE,,,2
150,2,0,feynman_III_7_38,3,1000,TRUE,FALSE,mom B \frac{1}{h} 12.566370614359172,mom*B*12.566370614359172/h,,,FALSE,,,2
151,2,1,feynman_III_7_38,3,1000,TRUE,FALSE,\frac{B mom}{\frac{1}{12.566370614359172} h},B*mom/((h/12.566370614359172)),,,FALSE,,,2
152,2,2,feynman_III_7_38,3,1000,TRUE,FALSE,\frac{12.566370614359172 B mom}{h},12.566370614359172*B*mom/h,,,FALSE,,,2
153,3,0,feynman_III_7_38,3,1000,TRUE,TRUE,B mom \frac{1}{h} 12.574683248813688,B*mom*12.574683248813688/h,,,FALSE,,,2
154,3,1,feynman_III_7_38,3,1000,TRUE,TRUE,\frac{B mom}{0.07943367136308156 h},B*mom/(0.07943367136308156*h),,,FALSE,,,2
155,3,2,feynman_III_7_38,3,1000,TRUE,TRUE,mom \frac{1}{\frac{1}{B} h} 12.544966619054852,mom*12.544966619054852/(h/B),,,FALSE,,,2
156,4,0,feynman_III_7_38,3,100,FALSE,FALSE,\left(-3.9772308588114774 \cdot 10^{-8}\right) \frac{1}{h} mom B \left(-315957787.2257182\right),#NAME?,,,FALSE,,,2
157,4,1,feynman_III_7_38,3,100,FALSE,FALSE,\frac{B mom}{\frac{1}{12.566370614359172} h},B*mom/((h/12.566370614359172)),,,FALSE,,,2
158,4,2,feynman_III_7_38,3,100,FALSE,FALSE,B mom \frac{1}{h} 12.566370614359172,B*mom*12.566370614359172/h,,,FALSE,,,2
159,5,0,feynman_III_7_38,3,100,FALSE,TRUE,B 12.719291165807912 \frac{1}{h} mom,B*12.719291165807912*mom/h,,,FALSE,,,2
160,5,1,feynman_III_7_38,3,100,FALSE,TRUE,B 12.65348482915483 mom \frac{1}{h},B*12.65348482915483*mom/h,,,FALSE,,,2
161,5,2,feynman_III_7_38,3,100,FALSE,TRUE,B \frac{1}{h} mom 12.579199683270845,B*mom*12.579199683270845/h,,,FALSE,,,2
162,6,0,feynman_III_7_38,3,100,TRUE,FALSE,B \frac{1}{h} mom 12.566370614359172,B*mom*12.566370614359172/h,,,FALSE,,,2
163,6,1,feynman_III_7_38,3,100,TRUE,FALSE,\frac{B mom}{\frac{1}{12.566370614359172} h},B*mom/((h/12.566370614359172)),,,FALSE,,,2
164,6,2,feynman_III_7_38,3,100,TRUE,FALSE,mom B 12.566370614359172 \frac{1}{h},mom*B*12.566370614359172/h,,,FALSE,,,2
165,7,0,feynman_III_7_38,3,100,TRUE,TRUE,mom \left(B 12.628304525399683 \frac{1}{h} + \sin{\left(h \left(-13.184273933901677\right) \right)}\right),mom*(B*12.628304525399683/h + sin(h*(-13.184273933901677))),,,FALSE,,,0
166,7,1,feynman_III_7_38,3,100,TRUE,TRUE,B 12.722991937747132 \frac{1}{h \frac{1}{mom}},B*12.722991937747132/(h/mom),,,FALSE,,,2
167,7,2,feynman_III_7_38,3,100,TRUE,TRUE,B mom \frac{1}{h} 12.462876911111042,B*mom*12.462876911111042/h,,,FALSE,,,2
168,0,0,feynman_I_34_14,3,1000,FALSE,FALSE,\omega_{0} \left(\left(0.6210791318678113 + \frac{v^{12}}{c^{12}}\right) e^{\left(\left(-1\right) \left(-0.21391853767839364\right) + \frac{v}{c}\right)^{3}} - -0.3713598694360963 + \frac{v}{1.0713356934383835 c}\right),omega_0*((0.6210791318678113 + v**12/c**12)*exp((-1*(-0.21391853767839364) + v/c)**3) - 1*(-0.3713598694360963) + v/(1.0713356934383835*c)),,,FALSE,,,0
169,0,1,feynman_I_34_14,3,1000,FALSE,FALSE,\omega_{0} \left(1.000095402402925 + \frac{0.5717797534781411}{\frac{c}{v} - 0.897936117537737} + \frac{e^{\frac{c^{3}}{v^{3}} \left(-1.7043217762802234\right)} + 0.4263109089184401}{c \frac{1}{v}}\right),omega_0*(1.000095402402925 + 0.5717797534781411/(c/v - 1*0.897936117537737) + (exp((c**3/v**3)*(-1.7043217762802234)) + 0.4263109089184401)/((c/v))),,,FALSE,,,0
170,0,2,feynman_I_34_14,3,1000,FALSE,FALSE,\omega_{0} \left(1.0001509662209083 + \frac{0.9970961069596432}{\frac{c}{v} + \left(-0.45182753661341396 - \frac{0.2825741852524401 v}{c}\right)^{3} - 0.4290993617610928}\right),omega_0*(1.0001509662209083 + 0.9970961069596432/(c/v + (-0.45182753661341396 - 0.2825741852524401*v/c)**3 - 1*0.4290993617610928)),,,FALSE,,,0
171,1,0,feynman_I_34_14,3,1000,FALSE,TRUE,\omega_{0} e^{\frac{v}{c}},omega_0*exp(v/c),,,FALSE,,,0
172,1,1,feynman_I_34_14,3,1000,FALSE,TRUE,\omega_{0} e^{\frac{v}{c}},omega_0*exp(v/c),,,FALSE,,,0
173,1,2,feynman_I_34_14,3,1000,FALSE,TRUE,\omega_{0} e^{\frac{v}{c}},omega_0*exp(v/c),,,FALSE,,,0
174,2,0,feynman_I_34_14,3,1000,TRUE,FALSE,\omega_{0} \left(\sin{\left(\frac{c}{v} \right)} \left(-5.1780164329049746 \cdot 10^{-5}\right) - -1.0013684347966592 + \frac{0.9814827751807652}{\frac{c}{v} - 0.5953645295369777 - \frac{0.2459350554635281 v^{2}}{c^{2}}}\right),omega_0*(sin(c/v)*(-5.1780164329049746e-5) - 1*(-1.0013684347966592) + 0.9814827751807652/(c/v - 0.5953645295369777 - 0.2459350554635281*v**2/c**2)),,,FALSE,,,0
175,2,1,feynman_I_34_14,3,1000,TRUE,FALSE,\frac{\omega_{0}}{\frac{v}{\left(-1.407965813795492\right) c} - \left(\frac{c}{c 0.27982289361045876 + v} - e^{\left(0.2512707908387779 - \frac{c}{v}\right)^{3}}\right) \left(-0.03225773687964552\right) + 0.8912774196927036},omega_0/(v/((c*(-1.407965813795492))) - (-0.03225773687964552)*(c/(c*0.27982289361045876 + v) - exp((0.2512707908387779 - c/v)**3)) + 0.8912774196927036),,,FALSE,,,0
176,2,2,feynman_I_34_14,3,1000,TRUE,FALSE,\omega_{0} \left(\frac{\left(0.12244244252723867 + \frac{1.0649011195685181 v^{2}}{c^{2}}\right)^{3}}{\cos{\left(\frac{v^{3}}{c^{3}} \right)}} + e^{\frac{v}{c 1.0269074234846693 + v \left(-0.11038604401301731\right)}}\right),omega_0*((0.12244244252723867 + 1.0649011195685181*v**2/c**2)**3/cos(v**3/c**3) + exp(v/(c*1.0269074234846693 + v*(-0.11038604401301731)))),,,FALSE,,,0
177,3,0,feynman_I_34_14,3,1000,TRUE,TRUE,\omega_{0} e^{\frac{v}{c}},omega_0*exp(v/c),,,FALSE,,,0
178,3,1,feynman_I_34_14,3,1000,TRUE,TRUE,\omega_{0} e^{\frac{v}{c}},omega_0*exp(v/c),,,FALSE,,,0
179,3,2,feynman_I_34_14,3,1000,TRUE,TRUE,\omega_{0} e^{\frac{v}{c}},omega_0*exp(v/c),,,FALSE,,,0
180,4,0,feynman_I_34_14,3,100,FALSE,FALSE,\omega_{0} \left(\begin{cases} \log{\left(0.32860465648012055 - \frac{2.169467863749665}{-0.9068645649000772 + \frac{v}{c}} \right)} & \text{for}\: 0.32860465648012055 - \frac{2.169467863749665}{-0.9068645649000772 + \frac{v}{c}} > 0 \\-1000000000.0 & \text{otherwise} \end{cases} + \sin{\left(\frac{v}{\left(-0.1170777506244078\right) c} \right)} \left(-0.0016454814802096536\right)\right),"omega_0*(Piecewise((log(0.32860465648012055 - 2.169467863749665/(-0.9068645649000772 + v/c)), 0.32860465648012055 - 2.169467863749665/(-0.9068645649000772 + v/c) > 0), (-1000000000.0, True)) + sin(v/((-0.1170777506244078)*c))*(-0.0016454814802096536))",,,FALSE,,,0
181,4,1,feynman_I_34_14,3,100,FALSE,FALSE,\omega_{0} \left(1.0003375090710722 + \frac{0.4718862098371398}{\frac{c}{v} + \cos{\left(\frac{c}{v} - 0.19581576377193688 \right)} \left(-0.0010769042454343279\right) - 0.10556208833892677} + \frac{0.5225505302070249}{\frac{c}{v} - 0.9173381837324104}\right),omega_0*(1.0003375090710722 + 0.4718862098371398/(c/v + cos(c/v - 0.19581576377193688)*(-0.0010769042454343279) - 0.10556208833892677) + 0.5225505302070249/(c/v - 0.9173381837324104)),,,FALSE,,,0
182,4,2,feynman_I_34_14,3,100,FALSE,FALSE,\omega_{0} + \left(\left(-1\right) \left(-0.0001048037808296992\right) + \frac{v}{c}\right) \left(v \omega_{0} \frac{1}{c - v 0.8975783363997138} \cdot 0.5146555405579193 + \omega_{0}\right) 0.9979455398252252,omega_0 + (-1*(-0.0001048037808296992) + v/c)*(v*omega_0*0.5146555405579193/(c - 0.8975783363997138*v) + omega_0)*0.9979455398252252,,,FALSE,,,0
183,5,0,feynman_I_34_14,3,100,FALSE,TRUE,\omega_{0} e^{\frac{v}{c}},omega_0*exp(v/c),,,FALSE,,,0
184,5,1,feynman_I_34_14,3,100,FALSE,TRUE,\omega_{0} e^{\frac{v}{c}},omega_0*exp(v/c),,,FALSE,,,0
185,5,2,feynman_I_34_14,3,100,FALSE,TRUE,\omega_{0} e^{\frac{v}{c}},omega_0*exp(v/c),,,FALSE,,,0
186,6,0,feynman_I_34_14,3,100,TRUE,FALSE,\left(0.3546096465802135 - \frac{0.6949904389167191}{\left(-1\right) 1.1141538728525477 - \frac{1.5768599529748512 \cdot 10^{-6}}{c - v^{2}} + \frac{v}{c}} + v \frac{1}{c} 0.41646011077578976\right) \omega_{0} \cdot 1.0221915034569071,(0.3546096465802135 - 0.6949904389167191/(-1*1.1141538728525477 - 1.5768599529748512e-6/(c - v**2) + v/c) + v*0.41646011077578976/c)*omega_0*1.0221915034569071,,,FALSE,,,0
187,6,1,feynman_I_34_14,3,100,TRUE,FALSE,\frac{\omega_{0} \left(- \frac{0.0001850798346043323 c}{v} + \begin{cases} \log{\left(\frac{c}{c - v 1.1538194663786456} \right)} & \text{for}\: \frac{c}{c - v 1.1538194663786456} > 0 \\-1000000000.0 & \text{otherwise} \end{cases} + 1.183136949888176\right)}{1.1794909671480318},"omega_0*(-0.0001850798346043323*c/v + Piecewise((log(c/(c - 1.1538194663786456*v)), c/(c - 1.1538194663786456*v) > 0), (-1000000000.0, True)) + 1.183136949888176)/1.1794909671480318",,,FALSE,,,0
188,6,2,feynman_I_34_14,3,100,TRUE,FALSE,\frac{\omega_{0}}{\cos{\left(\left(0.1536594951970003 + \frac{v}{c}\right)^{3} \right)} 0.28784854798960424 \left(-1.64572097796587 + \frac{v}{c}\right)^{2} + \left(\begin{cases} \sqrt{\frac{c}{v}} & \text{for}\: \frac{c}{v} > 0 \\-1000000000.0 & \text{otherwise} \end{cases}\right) 0.0016197376246658024 + 0.21182847470616492},"omega_0/(cos((0.1536594951970003 + v/c)**3)*0.28784854798960424*(-1.64572097796587 + v/c)**2 + Piecewise((sqrt(c/v), c/v > 0), (-1000000000.0, True))*0.0016197376246658024 + 0.21182847470616492)",,,FALSE,,,0
189,7,0,feynman_I_34_14,3,100,TRUE,TRUE,\omega_{0} e^{\frac{v}{c}},omega_0*exp(v/c),,,FALSE,,,0
190,7,1,feynman_I_34_14,3,100,TRUE,TRUE,\omega_{0} e^{\frac{v}{c}},omega_0*exp(v/c),,,FALSE,,,0
191,7,2,feynman_I_34_14,3,100,TRUE,TRUE,\left(\omega_{0} - \left(\begin{cases} \log{\left(0.12286457164058834 - \cos{\left(c \right)} \cos{\left(v \right)} \right)} & \text{for}\: \cos{\left(c \right)} \cos{\left(v \right)} - 0.12286457164058834 < 0 \\-1000000000.0 & \text{otherwise} \end{cases}\right) 2.376522828138019 \cdot 10^{-10}\right) e^{\frac{v}{c}},"(omega_0 - 2.376522828138019e-10*Piecewise((log(0.12286457164058834 - cos(c)*cos(v)), cos(c)*cos(v) - 0.12286457164058834 < 0), (-1000000000.0, True)))*exp(v/c)",,,FALSE,,,0
192,0,0,feynman_test_3,4,1000,FALSE,FALSE,\left(d + \frac{38.08226588588665 \left(- \theta_{1} + \theta_{2}\right)^{2}}{\alpha^{9}}\right) \left(\frac{1.3581188888776268 - \alpha}{\cos^{2}{\left(\left(\theta_{1} - \theta_{2}\right) 0.6744436617743172 \right)}} - 0.35811843067050114\right),(d + (38.08226588588665*(-theta1 + theta2)**2)/(alpha**9))*((1.3581188888776268 - alpha)/(cos((theta1 - theta2)*0.6744436617743172)**2) - 0.35811843067050114),,,FALSE,,,0
193,0,1,feynman_test_3,4,1000,FALSE,FALSE,d \left(\left(1.3165963511429022 - \alpha\right) \left(e^{\left(\theta_{1} - \theta_{2}\right) \left(\theta_{1} - \theta_{2}\right) 0.6317297733989776} \cdot 0.7055451879091406 - -0.2943359141117742\right) - 0.31685145501643164\right),d*((1.3165963511429022 - alpha)*(exp((theta1 - theta2)*(theta1 - theta2)*0.6317297733989776)*0.7055451879091406 - 1*(-0.2943359141117742)) - 1*0.31685145501643164),,,FALSE,,,0
194,0,2,feynman_test_3,4,1000,FALSE,FALSE,d \left(\frac{\frac{1}{\alpha^{2}} \left(- \theta_{1} + \theta_{2}\right)^{2}}{-2.0689981585268384} + \frac{1.5371942788058255 - \alpha}{\cos^{2}{\left(\frac{\theta_{1} - \theta_{2}}{1.4493173986165664} \right)}} - 0.537166033937549\right),d*(((-theta1 + theta2)**2/alpha**2)/(-2.0689981585268384) + (1.5371942788058255 - alpha)/(cos((theta1 - theta2)/1.4493173986165664)**2) - 0.537166033937549),,,FALSE,,,0
195,1,0,feynman_test_3,4,1000,FALSE,TRUE,d \left(- \alpha + \cos{\left(- \theta_{1} + \theta_{2} \right)}\right),d*(-alpha + cos(-theta1 + theta2)),,,FALSE,,,0
196,1,1,feynman_test_3,4,1000,FALSE,TRUE,d \left(- \alpha + \cos{\left(\theta_{1} - \theta_{2} \right)}\right),d*(-alpha + cos(theta1 - theta2)),,,FALSE,,,0
197,1,2,feynman_test_3,4,1000,FALSE,TRUE,d \left(- \alpha + \cos{\left(- \theta_{1} + \theta_{2} \right)}\right),d*(-alpha + cos(-theta1 + theta2)),,,FALSE,,,0
198,2,0,feynman_test_3,4,1000,TRUE,FALSE,d \left(\left(29.673840994388318 - \left(\alpha + 28.673544221332513\right)\right) e^{0.458070630510838 \left(\theta_{1} - \theta_{2}\right)^{2}} + 0.14932955810776148 \left(\theta_{1} - \theta_{2}\right)^{2}\right),d*((29.673840994388318 - (alpha + 28.673544221332513))*exp(0.458070630510838*(theta1 - theta2)**2) + 0.14932955810776148*(theta1 - theta2)**2),,,FALSE,,,0
199,2,1,feynman_test_3,4,1000,TRUE,FALSE,d \left(\left(\left(0.2680895333885357 \left(- \theta_{1} + \theta_{2}\right)^{2} + 0.74389732764259\right)^{3} + 0.5880183595135228\right) \left(- \alpha + \cos{\left(\alpha \right)} \left(\theta_{1} - \theta_{2}\right)^{2} \left(-0.038580065063329345\right) + 1.2535928930898612\right) - 0.2544716190455651\right),d*(((0.2680895333885357*(-theta1 + theta2)**2 + 0.74389732764259)**3 + 0.5880183595135228)*(-alpha + cos(alpha)*(theta1 - theta2)**2*(-0.038580065063329345) + 1.2535928930898612) - 0.2544716190455651),,,FALSE,,,0
200,2,2,feynman_test_3,4,1000,TRUE,FALSE,d \left(\frac{0.8600547980125562 - \alpha}{\cos{\left(\left(-0.9872986000617737 + \frac{0.47292610430752846}{\alpha}\right) \left(\theta_{1} - \theta_{2}\right) \right)}} + 0.1677436567313013 - \frac{0.02779287982586336}{\cos{\left(\theta_{1} - \theta_{2} \right)}}\right),d*((0.8600547980125562 - alpha)/cos((-0.9872986000617737 + 0.47292610430752846/alpha)*(theta1 - theta2)) + 0.1677436567313013 - 0.02779287982586336/cos(theta1 - theta2)),,,FALSE,,,0
201,3,0,feynman_test_3,4,1000,TRUE,TRUE,d \left(- \alpha + \cos{\left(\theta_{1} - \theta_{2} \right)}\right),d*(-alpha + cos(theta1 - theta2)),,,FALSE,,,0
202,3,1,feynman_test_3,4,1000,TRUE,TRUE,d \left(- \alpha + \cos{\left(- \theta_{1} + \theta_{2} \right)}\right),d*(-alpha + cos(-theta1 + theta2)),,,FALSE,,,0
203,3,2,feynman_test_3,4,1000,TRUE,TRUE,d \left(- \alpha + \cos{\left(\theta_{1} - \theta_{2} \right)}\right),d*(-alpha + cos(theta1 - theta2)),,,FALSE,,,0
204,4,0,feynman_test_3,4,100,FALSE,FALSE,d \left(- (\alpha - 0.9996709198447928) + \left(0.2758282128522988 \alpha^{2} \left(\theta_{1} - \theta_{2}\right)^{2} + 0.597300785079875 \alpha^{2} - \cos{\left(\alpha \right)}\right) \left(- \theta_{1} + \theta_{2}\right)^{2} \left(-0.11550603484286516\right)\right),d*(-(alpha - 0.9996709198447928) + (0.2758282128522988*alpha**2*(theta1 - theta2)**2 + 0.597300785079875*alpha**2 - cos(alpha))*(-theta1 + theta2)**2*(-0.11550603484286516)),,,FALSE,,,0
205,4,1,feynman_test_3,4,100,FALSE,FALSE,\frac{d \left(- \alpha + \cos{\left(\left(-0.4834264282101204 + \frac{0.3916341129406275}{\alpha}\right) \left(- \theta_{1} + \theta_{2}\right) \right)}\right)}{\cos{\left(\frac{\alpha \left(\theta_{1} - \theta_{2}\right)}{\alpha + 0.6170564358373263} \right)}},d*(-alpha + cos((-0.4834264282101204 + 0.3916341129406275/alpha)*(-theta1 + theta2)))/cos(alpha*(theta1 - theta2)/(alpha + 0.6170564358373263)),,,FALSE,,,0
206,4,2,feynman_test_3,4,100,FALSE,FALSE,d \left(- \alpha + \left(\begin{cases} \log{\left(\alpha - \sin{\left(\alpha 0.2971144514890432 \right)} + 0.5022041437004278 \right)}^{2} & \text{for}\: \alpha - \sin{\left(\alpha 0.2971144514890432 \right)} + 0.5022041437004278 > 0 \\1.0 \cdot 10^{18} & \text{otherwise} \end{cases}\right) \left(\begin{cases} \log{\left(\cos{\left(\left(\theta_{1} - \theta_{2}\right) 1.2273005176466403 \right)} \right)} & \text{for}\: \cos{\left(\left(\theta_{1} - \theta_{2}\right) 1.2273005176466403 \right)} > 0 \\-1000000000.0 & \text{otherwise} \end{cases}\right) + 1.0000480984159414\right),"d*(-alpha + Piecewise((log(alpha - sin(alpha*0.2971144514890432) + 0.5022041437004278)**2, alpha - sin(alpha*0.2971144514890432) + 0.5022041437004278 > 0), (1.0e+18, True))*Piecewise((log(cos((theta1 - theta2)*1.2273005176466403)), cos((theta1 - theta2)*1.2273005176466403) > 0), (-1000000000.0, True)) + 1.0000480984159414)",,,FALSE,,,0
207,5,0,feynman_test_3,4,100,FALSE,TRUE,d \left(- \alpha + \cos^{2}{\left(- \theta_{1} + \theta_{2} \right)}\right),d*(-alpha + cos(-theta1 + theta2)**2),,,FALSE,,,0
208,5,1,feynman_test_3,4,100,FALSE,TRUE,d \left(- \alpha + \cos^{2}{\left(\theta_{1} - \theta_{2} \right)}\right),d*(-alpha + cos(theta1 - theta2)**2),,,FALSE,,,0
209,5,2,feynman_test_3,4,100,FALSE,TRUE,d \left(- \alpha + \cos{\left(\alpha \left(- \theta_{1} + \theta_{2}\right) \left(-0.45185503495120327\right) \right)}\right),d*(-alpha + cos(alpha*(-theta1 + theta2)*(-0.45185503495120327))),,,FALSE,,,0
210,6,0,feynman_test_3,4,100,TRUE,FALSE,d \left(- \alpha + \left(- \theta_{1} + \theta_{2}\right)^{2} \cdot 0.4310656412095925 \left(- \alpha + \alpha^{2} \left(- \theta_{1} + \theta_{2}\right)^{2} \left(-0.07307344029654368\right) + 1.2784606597160122\right) + 0.9997583126149917\right),d*(-alpha + (-theta1 + theta2)**2*0.4310656412095925*(-alpha + (alpha**2*(-theta1 + theta2)**2)*(-0.07307344029654368) + 1.2784606597160122) + 0.9997583126149917),,,FALSE,,,0
211,6,1,feynman_test_3,4,100,TRUE,FALSE,d \left(\frac{1.5468524861346848 - \alpha}{\cos^{2}{\left(\left(- \theta_{1} + \theta_{2}\right) 0.6943919135202921 \right)}} - \frac{\left(- \theta_{1} + \theta_{2}\right)^{2}}{e^{\alpha} - -1.1226780686795759} - 0.5468637344814276\right),d*((1.5468524861346848 - alpha)/(cos((-theta1 + theta2)*0.6943919135202921)**2) - (-theta1 + theta2)**2/(exp(alpha) - 1*(-1.1226780686795759)) - 0.5468637344814276),,,FALSE,,,0
212,6,2,feynman_test_3,4,100,TRUE,FALSE,\left(- \left(1.3411260972422985 - \alpha\right) \left(\left(\left(\theta_{1} - \theta_{2}\right)^{2} + 1.2731634582362676\right)^{2} + 4.143219167896144\right) + 0.1852843125512088 \left(\theta_{1} - \theta_{2}\right)^{2} \sin^{2}{\left(\alpha \right)} + 1.9723296623819984\right) \left(-0.17343028154433937\right) d,(-(1.3411260972422985 - alpha)*(((theta1 - theta2)**2 + 1.2731634582362676)**2 + 4.143219167896144) + 0.1852843125512088*(theta1 - theta2)**2*sin(alpha)**2 + 1.9723296623819984)*(-0.17343028154433937)*d,,,FALSE,,,0
213,7,0,feynman_test_3,4,100,TRUE,TRUE,d \left(- \alpha + \cos^{2}{\left(\theta_{1} - \theta_{2} \right)}\right),d*(-alpha + cos(theta1 - theta2)**2),,,FALSE,,,0
214,7,1,feynman_test_3,4,100,TRUE,TRUE,d \left(- \alpha + \cos^{2}{\left(\theta_{1} - \theta_{2} \right)}\right),d*(-alpha + cos(theta1 - theta2)**2),,,FALSE,,,0
215,7,2,feynman_test_3,4,100,TRUE,TRUE,\left(1.0216527095740735 - \alpha\right) \left(d + \left(\theta_{1} - \theta_{2}\right)^{2}\right),(1.0216527095740735 - alpha)*(d + (theta1 - theta2)**2),,,FALSE,,,0
216,0,0,feynman_I_18_14,4,1000,FALSE,FALSE,m r v \sin{\left(\theta \right)},m*r*v*sin(theta),,,FALSE,,,2
217,0,1,feynman_I_18_14,4,1000,FALSE,FALSE,m r v \sin{\left(\theta \right)},m*r*v*sin(theta),,,FALSE,,,2
218,0,2,feynman_I_18_14,4,1000,FALSE,FALSE,m r v \sin{\left(\theta \right)},m*r*v*sin(theta),,,FALSE,,,2
219,1,0,feynman_I_18_14,4,1000,FALSE,TRUE,m r v \sin{\left(\theta \right)},m*r*v*sin(theta),,,FALSE,,,2
220,1,1,feynman_I_18_14,4,1000,FALSE,TRUE,m r v \sin{\left(\theta \right)},m*r*v*sin(theta),,,FALSE,,,2
221,1,2,feynman_I_18_14,4,1000,FALSE,TRUE,m r v \sin{\left(\theta \right)},m*r*v*sin(theta),,,FALSE,,,2
222,2,0,feynman_I_18_14,4,1000,TRUE,FALSE,m r v \sin{\left(\theta \right)},m*r*v*sin(theta),,,FALSE,,,2
223,2,1,feynman_I_18_14,4,1000,TRUE,FALSE,m r v \sin{\left(\theta \right)},m*r*v*sin(theta),,,FALSE,,,2
224,2,2,feynman_I_18_14,4,1000,TRUE,FALSE,m r v \sin{\left(\theta \right)},m*r*v*sin(theta),,,FALSE,,,2
225,3,0,feynman_I_18_14,4,1000,TRUE,TRUE,m r v \sin{\left(\theta \right)},m*r*v*sin(theta),,,FALSE,,,2
226,3,1,feynman_I_18_14,4,1000,TRUE,TRUE,m r v \sin{\left(\theta \right)},m*r*v*sin(theta),,,FALSE,,,2
227,3,2,feynman_I_18_14,4,1000,TRUE,TRUE,m r v \sin{\left(\theta \right)},m*r*v*sin(theta),,,FALSE,,,2
228,4,0,feynman_I_18_14,4,100,FALSE,FALSE,m r v \sin{\left(\theta \right)},m*r*v*sin(theta),,,FALSE,,,2
229,4,1,feynman_I_18_14,4,100,FALSE,FALSE,m r v \sin{\left(\theta \right)},m*r*v*sin(theta),,,FALSE,,,2
230,4,2,feynman_I_18_14,4,100,FALSE,FALSE,m r v \sin{\left(\theta \right)},m*r*v*sin(theta),,,FALSE,,,2
231,5,0,feynman_I_18_14,4,100,FALSE,TRUE,m r v \sin{\left(\theta \right)},m*r*v*sin(theta),,,FALSE,,,2
232,5,1,feynman_I_18_14,4,100,FALSE,TRUE,m r v \sin{\left(\theta \right)},m*r*v*sin(theta),,,FALSE,,,2
233,5,2,feynman_I_18_14,4,100,FALSE,TRUE,m r v \sin{\left(\theta \right)},m*r*v*sin(theta),,,FALSE,,,2
234,6,0,feynman_I_18_14,4,100,TRUE,FALSE,m r \left(v + \frac{1.9623006092618163 \cdot 10^{-17}}{\cos{\left(noi_{1} \right)} \cos{\left(\frac{r^{3}}{noi_{1}^{3}} \right)}}\right) \sin{\left(\theta \right)},m*r*(v + 1.9623006092618163e-17/((cos(noi1)*cos(r**3/noi1**3))))*sin(theta),,,FALSE,,,0
235,6,1,feynman_I_18_14,4,100,TRUE,FALSE,m r v \sin{\left(\theta \right)},m*r*v*sin(theta),,,FALSE,,,2
236,6,2,feynman_I_18_14,4,100,TRUE,FALSE,m r v \sin{\left(\theta \right)},m*r*v*sin(theta),,,FALSE,,,2
237,7,0,feynman_I_18_14,4,100,TRUE,TRUE,m r v \sin{\left(\theta \right)},m*r*v*sin(theta),,,FALSE,,,2
238,7,1,feynman_I_18_14,4,100,TRUE,TRUE,m r v \sin{\left(\theta \right)},m*r*v*sin(theta),,,FALSE,,,2
239,7,2,feynman_I_18_14,4,100,TRUE,TRUE,m r v \sin{\left(\theta \right)},m*r*v*sin(theta),,,FALSE,,,2
240,0,0,feynman_I_43_43,4,1000,FALSE,FALSE,\frac{kb}{A \frac{1}{v} \left(\gamma_{var} - 1.0\right)},kb/((A*(gamma_var - 1.0)/v)),,,FALSE,,,2
241,0,1,feynman_I_43_43,4,1000,FALSE,FALSE,\frac{kb v}{A \left(\gamma_{var} - 1.0\right)},kb*v/(A*(gamma_var - 1*1.0)),,,FALSE,,,2
242,0,2,feynman_I_43_43,4,1000,FALSE,FALSE,\frac{kb v}{A \left(\gamma_{var} - 1.0\right)},kb*v/(A*(gamma_var - 1*1.0)),,,FALSE,,,2
243,1,0,feynman_I_43_43,4,1000,FALSE,TRUE,\frac{kb v}{A \left(\gamma_{var} - 0.9991006607301387\right)},kb*v/(A*(gamma_var - 1*0.9991006607301387)),,,FALSE,,,2
244,1,1,feynman_I_43_43,4,1000,FALSE,TRUE,\frac{kb v}{A \left(\gamma_{var} - 0.9989222608678766\right)},kb*v/(A*(gamma_var - 0.9989222608678766)),,,FALSE,,,2
245,1,2,feynman_I_43_43,4,1000,FALSE,TRUE,\frac{kb v}{A \left(\gamma_{var} - 0.9986237183414695\right)},kb*v/((A*(gamma_var - 0.9986237183414695))),,,FALSE,,,2
246,2,0,feynman_I_43_43,4,1000,TRUE,FALSE,\frac{kb}{A \frac{1}{v} \left(\gamma_{var} - 1.0\right)},kb/((A*(gamma_var - 1.0)/v)),,,FALSE,,,2
247,2,1,feynman_I_43_43,4,1000,TRUE,FALSE,\frac{kb v}{A \left(\gamma_{var} - 1.0\right)},kb*v/(A*(gamma_var - 1*1.0)),,,FALSE,,,2
248,2,2,feynman_I_43_43,4,1000,TRUE,FALSE,\frac{kb v}{A \left(\gamma_{var} - 1.0\right)},kb*v/(A*(gamma_var - 1*1.0)),,,FALSE,,,2
249,3,0,feynman_I_43_43,4,1000,TRUE,TRUE,\frac{kb}{A \frac{1}{v} \left(\gamma_{var} - 0.9975703240408775\right)},kb/((A*(gamma_var - 0.9975703240408775)/v)),,,FALSE,,,2
250,3,1,feynman_I_43_43,4,1000,TRUE,TRUE,\frac{kb v}{A \left(\gamma_{var} - 0.9991681883307917\right)},kb*v/((A*(gamma_var - 0.9991681883307917))),,,FALSE,,,2
251,3,2,feynman_I_43_43,4,1000,TRUE,TRUE,\frac{kb v}{A \left(\gamma_{var} - 1.0017964436516948\right)},kb*v/(A*(gamma_var - 1*1.0017964436516948)),,,FALSE,,,2
252,4,0,feynman_I_43_43,4,100,FALSE,FALSE,\frac{v}{A \frac{1}{kb} \left(\gamma_{var} - 1.0\right)},v/((A*(gamma_var - 1*1.0)/kb)),,,FALSE,,,2
253,4,1,feynman_I_43_43,4,100,FALSE,FALSE,\frac{v}{A \frac{1}{kb} \left(\gamma_{var} - 1.0\right)},v/((A*(gamma_var - 1*1.0)/kb)),,,FALSE,,,2
254,4,2,feynman_I_43_43,4,100,FALSE,FALSE,\frac{v}{A \frac{1}{kb} \left(\gamma_{var} - 1.0\right)},v/((A*(gamma_var - 1*1.0)/kb)),,,FALSE,,,2
255,5,0,feynman_I_43_43,4,100,FALSE,TRUE,\frac{kb v}{A \left(\gamma_{var} - 0.9937515158292783\right)},kb*v/((A*(gamma_var - 0.9937515158292783))),,,FALSE,,,2
256,5,1,feynman_I_43_43,4,100,FALSE,TRUE,\frac{kb v}{A \left(\gamma_{var} - 0.9858441408488647\right)},kb*v/((A*(gamma_var - 1*0.9858441408488647))),,,FALSE,,,2
257,5,2,feynman_I_43_43,4,100,FALSE,TRUE,\frac{kb v}{A \left(\gamma_{var} - 0.9940175172584448\right)},kb*v/(A*(gamma_var - 0.9940175172584448)),,,FALSE,,,2
258,6,0,feynman_I_43_43,4,100,TRUE,FALSE,\frac{v}{A \frac{1}{kb} \left(\gamma_{var} - 1.0\right)},v/((A*(gamma_var - 1*1.0)/kb)),,,FALSE,,,2
259,6,1,feynman_I_43_43,4,100,TRUE,FALSE,\frac{v}{A \frac{1}{kb} \left(\gamma_{var} + noi_{2} \cdot 1.8369403555472196 \cdot 10^{-16} - 1.0\right)},v/((A*(gamma_var + noi2*1.8369403555472196e-16 - 1*1.0)/kb)),,,FALSE,,,0
260,6,2,feynman_I_43_43,4,100,TRUE,FALSE,\frac{v}{A \frac{1}{kb} \left(\gamma_{var} - 1.0\right)},v/((A*(gamma_var - 1*1.0)/kb)),,,FALSE,,,2
261,7,0,feynman_I_43_43,4,100,TRUE,TRUE,\frac{kb v}{A \left(\gamma_{var} - 1.004646068609066\right)},kb*v/(A*(gamma_var - 1.004646068609066)),,,FALSE,,,2
262,7,1,feynman_I_43_43,4,100,TRUE,TRUE,\frac{kb}{A \frac{1}{v} \left(\gamma_{var} - 1.0082472865124539\right)},kb/((A*(gamma_var - 1.0082472865124539)/v)),,,FALSE,,,2
263,7,2,feynman_I_43_43,4,100,TRUE,TRUE,\frac{v}{A \frac{1}{kb} \left(\gamma_{var} - 1.008720122629617\right)},v/((A*(gamma_var - 1.008720122629617)/kb)),,,FALSE,,,2
264,0,0,feynman_I_24_6,4,1000,FALSE,FALSE,m x^{2} \left(\left(3.9997484887920205 - \omega\right) \left(-0.25016604104073636\right) \omega + \omega + \omega_{0} - \sin{\left(0.13549583279321223 - \frac{\omega_{0}}{-1.393330318134185} \right)}\right),m*x**2*((3.9997484887920205 - omega)*(-0.25016604104073636)*omega + omega + omega_0 - sin(0.13549583279321223 - omega_0/(-1.393330318134185))),,,FALSE,,,0
265,0,1,feynman_I_24_6,4,1000,FALSE,FALSE,\left(\omega^{2} + \omega_{0}^{2}\right) 0.25 m x^{2},(omega**2 + omega_0**2)*0.25*m*x**2,,,FALSE,,,2
266,0,2,feynman_I_24_6,4,1000,FALSE,FALSE,m \left(\omega^{2} + \omega_{0}^{2}\right) 0.25 x^{2},m*(omega**2 + omega_0**2)*0.25*x**2,,,FALSE,,,2
267,1,0,feynman_I_24_6,4,1000,FALSE,TRUE,m 0.1279848410905199 x^{2} \left(\omega + \omega_{0}\right)^{2},m*(0.1279848410905199*x**2*(omega + omega_0)**2),,,FALSE,,,2
268,1,1,feynman_I_24_6,4,1000,FALSE,TRUE,m 0.12793976226474793 x^{2} \left(\omega + \omega_{0}\right)^{2},m*(0.12793976226474793*x**2*(omega + omega_0)**2),,,FALSE,,,2
269,1,2,feynman_I_24_6,4,1000,FALSE,TRUE,m 0.12819438225540375 x^{2} \left(\omega + \omega_{0}\right)^{2},m*0.12819438225540375*(x**2*(omega + omega_0)**2),,,FALSE,,,2
270,2,0,feynman_I_24_6,4,1000,TRUE,FALSE,m \left(\omega^{2} + \omega_{0}^{2}\right) x^{2} \cdot 0.25,m*(omega**2 + omega_0**2)*x**2*0.25,,,FALSE,,,2
271,2,1,feynman_I_24_6,4,1000,TRUE,FALSE,x^{2} \left(\omega^{2} + \omega_{0}^{2}\right) m 0.25,x**2*(omega**2 + omega_0**2)*m*0.25,,,FALSE,,,2
272,2,2,feynman_I_24_6,4,1000,TRUE,FALSE,x^{2} m \left(\omega^{2} + \omega_{0}^{2}\right) 0.25,x**2*m*(omega**2 + omega_0**2)*0.25,,,FALSE,,,2
273,3,0,feynman_I_24_6,4,1000,TRUE,TRUE,m 0.1283526010446912 x^{2} \left(\omega + \omega_{0}\right)^{2},m*(0.1283526010446912*x**2*(omega + omega_0)**2),,,FALSE,,,2
274,3,1,feynman_I_24_6,4,1000,TRUE,TRUE,m 0.12862550076860131 x^{2} \left(\omega + \omega_{0}\right)^{2},m*(0.12862550076860131*x**2*(omega + omega_0)**2),,,FALSE,,,2
275,3,2,feynman_I_24_6,4,1000,TRUE,TRUE,m 0.12760228793439485 x^{2} \left(\omega + \omega_{0}\right)^{2},m*0.12760228793439485*(x**2*(omega + omega_0)**2),,,FALSE,,,2
276,4,0,feynman_I_24_6,4,100,FALSE,FALSE,m 0.11427464384261572 x^{2} \left(\omega + \omega_{0}\right)^{2} \left(\begin{cases} \sqrt{\frac{\omega_{0}}{\omega}} & \text{for}\: \frac{\omega_{0}}{\omega} > 0 \\-1000000000.0 & \text{otherwise} \end{cases} + \begin{cases} \sqrt{\frac{\omega}{\omega_{0}}} & \text{for}\: \frac{\omega}{\omega_{0}} > 0 \\-1000000000.0 & \text{otherwise} \end{cases} - 0.9057008796332988\right),"m*(0.11427464384261572*x**2*(omega + omega_0)**2)*(Piecewise((sqrt(omega_0/omega), omega_0/omega > 0), (-1000000000.0, True)) + Piecewise((sqrt(omega/omega_0), omega/omega_0 > 0), (-1000000000.0, True)) - 0.9057008796332988)",,,FALSE,,,0
277,4,1,feynman_I_24_6,4,100,FALSE,FALSE,\left(\omega^{2} + \omega_{0}^{2}\right) m x^{2} \cdot 0.25,(omega**2 + omega_0**2)*m*x**2*0.25,,,FALSE,,,2
278,4,2,feynman_I_24_6,4,100,FALSE,FALSE,\left(\omega^{2} + \omega_{0}^{2}\right) x^{2} m 0.25,(omega**2 + omega_0**2)*x**2*m*0.25,,,FALSE,,,2
279,5,0,feynman_I_24_6,4,100,FALSE,TRUE,x^{2} \left(\omega^{2} + \omega_{0}^{2}\right) 0.24964118251965683 m,x**2*(omega**2 + omega_0**2)*0.24964118251965683*m,,,FALSE,,,2
280,5,1,feynman_I_24_6,4,100,FALSE,TRUE,m x^{2} \left(\omega + \omega_{0} - 1.8810307528005306\right),m*x**2*(omega + omega_0 - 1*1.8810307528005306),,,FALSE,,,0
281,5,2,feynman_I_24_6,4,100,FALSE,TRUE,m 0.2509199263593725 x^{2} \left(\omega^{2} + \omega_{0}^{2}\right),m*(0.2509199263593725*x**2)*(omega**2 + omega_0**2),,,FALSE,,,2
282,6,0,feynman_I_24_6,4,100,TRUE,FALSE,\left(\omega^{2} + \omega_{0}^{2}\right) x^{2} m 0.25,(omega**2 + omega_0**2)*x**2*m*0.25,,,FALSE,,,2
283,6,1,feynman_I_24_6,4,100,TRUE,FALSE,m \left(\omega^{2} + \omega_{0}^{2}\right) 0.24999999999999997 x^{2},m*(omega**2 + omega_0**2)*0.24999999999999997*x**2,,,FALSE,,,2
284,6,2,feynman_I_24_6,4,100,TRUE,FALSE,x^{2} m 0.25 \left(\omega^{2} + \omega_{0}^{2}\right),x**2*m*0.25*(omega**2 + omega_0**2),,,FALSE,,,2
285,7,0,feynman_I_24_6,4,100,TRUE,TRUE,\frac{m x^{2} \left(\omega + \omega_{0}\right)^{2}}{7.837462101646049},m*(x**2*(omega + omega_0)**2)/7.837462101646049,,,FALSE,,,2
286,7,1,feynman_I_24_6,4,100,TRUE,TRUE,m 0.12792635111704923 x^{2} \left(\omega + \omega_{0}\right)^{2},m*(0.12792635111704923*x**2*(omega + omega_0)**2),,,FALSE,,,2
287,7,2,feynman_I_24_6,4,100,TRUE,TRUE,m \left(\omega^{2} x^{2} + \omega_{0}^{2} x^{2}\right) 0.25373808096144557,m*(omega**2*x**2 + omega_0**2*x**2)*0.25373808096144557,,,FALSE,,,2
